unitID,literConversion
4,0.236588
5,0.029573
6,1
7,3.78541